{
  "__type__": "cc.SpriteFrame",
  "content": {
    "name": "Subtract",
    "atlas": "",
    "rect": {
      "x": 1,
      "y": 1,
      "width": 162,
      "height": 58
    },
    "offset": {
      "x": 0,
      "y": -0.5
    },
    "originalSize": {
      "width": 164,
      "height": 59
    },
    "rotated": false,
    "capInsets": [
      0,
      0,
      0,
      0
    ],
    "vertices": {
      "rawPosition": [
        -81,
        -29,
        0,
        81,
        -29,
        0,
        -81,
        29,
        0,
        81,
        29,
        0
      ],
      "indexes": [
        0,
        1,
        2,
        2,
        1,
        3
      ],
      "uv": [
        1,
        58,
        163,
        58,
        1,
        0,
        163,
        0
      ],
      "nuv": [
        0.006097560975609756,
        0,
        0.9939024390243902,
        0,
        0.006097560975609756,
        0.9830508474576272,
        0.9939024390243902,
        0.9830508474576272
      ],
      "minPos": {
        "x": -81,
        "y": -29,
        "z": 0
      },
      "maxPos": {
        "x": 81,
        "y": 29,
        "z": 0
      }
    },
    "texture": "8d32faea-cfec-4550-adc9-a793c7d5bbc2@6c48a",
    "packable": true,
    "pixelsToUnit": 100,
    "pivot": {
      "x": 0.5,
      "y": 0.5
    },
    "meshType": 0
  }
}