{
  "__type__": "cc.SpriteFrame",
  "content": {
    "name": "loadbg",
    "atlas": "",
    "rect": {
      "x": 2,
      "y": 2,
      "width": 92,
      "height": 17
    },
    "offset": {
      "x": -0.5,
      "y": 0
    },
    "originalSize": {
      "width": 97,
      "height": 21
    },
    "rotated": false,
    "capInsets": [
      15,
      0,
      15,
      0
    ],
    "vertices": {
      "rawPosition": [
        -46,
        -8.5,
        0,
        46,
        -8.5,
        0,
        -46,
        8.5,
        0,
        46,
        8.5,
        0
      ],
      "indexes": [
        0,
        1,
        2,
        2,
        1,
        3
      ],
      "uv": [
        2,
        19,
        94,
        19,
        2,
        2,
        94,
        2
      ],
      "nuv": [
        0.020618556701030927,
        0.09523809523809523,
        0.9690721649484536,
        0.09523809523809523,
        0.020618556701030927,
        0.9047619047619048,
        0.9690721649484536,
        0.9047619047619048
      ],
      "minPos": {
        "x": -46,
        "y": -8.5,
        "z": 0
      },
      "maxPos": {
        "x": 46,
        "y": 8.5,
        "z": 0
      }
    },
    "texture": "97462bbe-8ae2-4d0e-8bf0-6a15190e1468@6c48a",
    "packable": true,
    "pixelsToUnit": 100,
    "pivot": {
      "x": 0.5,
      "y": 0.5
    },
    "meshType": 0
  }
}