{
  "__type__": "cc.SpriteFrame",
  "content": {
    "name": "roundOut",
    "atlas": "",
    "rect": {
      "x": 1,
      "y": 2,
      "width": 186,
      "height": 187
    },
    "offset": {
      "x": 0,
      "y": -1
    },
    "originalSize": {
      "width": 188,
      "height": 189
    },
    "rotated": false,
    "capInsets": [
      0,
      0,
      0,
      0
    ],
    "vertices": {
      "rawPosition": [
        -93,
        -93.5,
        0,
        93,
        -93.5,
        0,
        -93,
        93.5,
        0,
        93,
        93.5,
        0
      ],
      "indexes": [
        0,
        1,
        2,
        2,
        1,
        3
      ],
      "uv": [
        1,
        187,
        187,
        187,
        1,
        0,
        187,
        0
      ],
      "nuv": [
        0.005319148936170213,
        0,
        0.9946808510638298,
        0,
        0.005319148936170213,
        0.9894179894179894,
        0.9946808510638298,
        0.9894179894179894
      ],
      "minPos": {
        "x": -93,
        "y": -93.5,
        "z": 0
      },
      "maxPos": {
        "x": 93,
        "y": 93.5,
        "z": 0
      }
    },
    "texture": "42574235-3a5f-4f2b-95b1-5418c08c901d@6c48a",
    "packable": true,
    "pixelsToUnit": 100,
    "pivot": {
      "x": 0.5,
      "y": 0.5
    },
    "meshType": 0
  }
}