{
  "__type__": "cc.SpriteFrame",
  "content": {
    "name": "coin",
    "atlas": "",
    "rect": {
      "x": 1,
      "y": 2,
      "width": 92,
      "height": 93
    },
    "offset": {
      "x": -1,
      "y": -0.5
    },
    "originalSize": {
      "width": 96,
      "height": 96
    },
    "rotated": false,
    "capInsets": [
      0,
      0,
      0,
      0
    ],
    "vertices": {
      "rawPosition": [
        -46,
        -46.5,
        0,
        46,
        -46.5,
        0,
        -46,
        46.5,
        0,
        46,
        46.5,
        0
      ],
      "indexes": [
        0,
        1,
        2,
        2,
        1,
        3
      ],
      "uv": [
        1,
        94,
        93,
        94,
        1,
        1,
        93,
        1
      ],
      "nuv": [
        0.010416666666666666,
        0.010416666666666666,
        0.96875,
        0.010416666666666666,
        0.010416666666666666,
        0.9791666666666666,
        0.96875,
        0.9791666666666666
      ],
      "minPos": {
        "x": -46,
        "y": -46.5,
        "z": 0
      },
      "maxPos": {
        "x": 46,
        "y": 46.5,
        "z": 0
      }
    },
    "texture": "c5557264-c242-4748-8d74-294923b00510@6c48a",
    "packable": true,
    "pixelsToUnit": 100,
    "pivot": {
      "x": 0.5,
      "y": 0.5
    },
    "meshType": 0
  }
}