{
  "__type__": "cc.Skeleton",
  "_name": "Skin-1",
  "_objFlags": 0,
  "__editorExtras__": {},
  "_native": "",
  "_joints": [
    "Bip001/Bip001 Pelvis/Bip001 Spine/Bip001 Spine1/Bip001 Neck/Bip001 Head",
    "Bip001",
    "Bip001/Bip001 Pelvis",
    "Bip001/Bip001 Pelvis/Bip001 Spine",
    "Bip001/Bip001 Pelvis/Bip001 Spine/Bip001 Spine1",
    "Bip001/Bip001 Pelvis/Bip001 Spine/Bip001 Spine1/Bip001 Neck/Bip001 L Clavicle/Bip001 L UpperArm/Bip001 L Forearm",
    "Bip001/Bip001 Pelvis/Bip001 Spine/Bip001 Spine1/Bip001 Neck/Bip001 L Clavicle/Bip001 L UpperArm/Bip001 L Forearm/Bip001 L Hand",
    "Bip001/Bip001 Pelvis/Bip001 Spine/Bip001 Spine1/Bip001 Neck/Bip001 R Clavicle/Bip001 R UpperArm/Bip001 R Forearm",
    "Bip001/Bip001 Pelvis/Bip001 Spine/Bip001 Spine1/Bip001 Neck/Bip001 R Clavicle/Bip001 R UpperArm/Bip001 R Forearm/Bip001 R Hand",
    "Bip001/Bip001 Pelvis/Bip001 Spine/Bip001 L Thigh",
    "Bip001/Bip001 Pelvis/Bip001 Spine/Bip001 Spine1/Bip001 Neck/Bip001 L Clavicle",
    "Bip001/Bip001 Pelvis/Bip001 Spine/Bip001 Spine1/Bip001 Neck/Bip001 L Clavicle/Bip001 L UpperArm",
    "Bip001/Bip001 Pelvis/Bip001 Spine/Bip001 Spine1/Bip001 Neck",
    "Bip001/Bip001 Pelvis/Bip001 Spine/Bip001 R Thigh",
    "Bip001/Bip001 Pelvis/Bip001 Spine/Bip001 Spine1/Bip001 Neck/Bip001 R Clavicle",
    "Bip001/Bip001 Pelvis/Bip001 Spine/Bip001 Spine1/Bip001 Neck/Bip001 R Clavicle/Bip001 R UpperArm"
  ],
  "_bindposes": [
    {
      "__type__": "cc.Mat4",
      "m00": 6.123234262925839e-17,
      "m01": -0.000001402693328600435,
      "m02": 1,
      "m03": 0,
      "m04": 6.123234262925839e-17,
      "m05": -1,
      "m06": -0.000001402693328600435,
      "m07": 0,
      "m08": 1,
      "m09": 6.12324286560421e-17,
      "m10": -6.123225660247469e-17,
      "m11": 0,
      "m12": -0.8341881632804871,
      "m13": -3.145254012792975e-8,
      "m14": -0.00016824046906549484,
      "m15": 1
    },
    {
      "__type__": "cc.Mat4",
      "m00": 6.123234262925839e-17,
      "m01": 1,
      "m02": -6.123234262925839e-17,
      "m03": 0,
      "m04": -1,
      "m05": 6.123234262925839e-17,
      "m06": 6.123234262925839e-17,
      "m07": 0,
      "m08": 6.123234262925839e-17,
      "m09": 6.123234262925839e-17,
      "m10": 1,
      "m11": 0,
      "m12": 4.774991957390284e-9,
      "m13": -0.00016824046906549484,
      "m14": -0.4295979142189026,
      "m15": 1
    },
    {
      "__type__": "cc.Mat4",
      "m00": 6.123234262925839e-17,
      "m01": 0.0000027577070795814507,
      "m02": 1,
      "m03": 0,
      "m04": 6.123234262925839e-17,
      "m05": -1,
      "m06": 0.0000027577070795814507,
      "m07": 0,
      "m08": 1,
      "m09": 6.123217719313588e-17,
      "m10": -6.12325146828258e-17,
      "m11": 0,
      "m12": -0.4295979142189026,
      "m13": 4.31103375220232e-9,
      "m14": -0.00016824046906549484,
      "m15": 1
    },
    {
      "__type__": "cc.Mat4",
      "m00": 6.123233601181349e-17,
      "m01": -0.0000014026924191057333,
      "m02": 1,
      "m03": 0,
      "m04": 6.123233601181349e-17,
      "m05": -1,
      "m06": -0.0000014026924191057333,
      "m07": 0,
      "m08": 1,
      "m09": 6.12324286560421e-17,
      "m10": -6.123225660247469e-17,
      "m11": 0,
      "m12": -0.5305886268615723,
      "m13": 0.00010957230551866814,
      "m14": -0.00016824016347527504,
      "m15": 1
    },
    {
      "__type__": "cc.Mat4",
      "m00": 6.123233601181349e-17,
      "m01": -0.0000014026924191057333,
      "m02": 1,
      "m03": 0,
      "m04": 6.123233601181349e-17,
      "m05": -1,
      "m06": -0.0000014026924191057333,
      "m07": 0,
      "m08": 1,
      "m09": 6.12324286560421e-17,
      "m10": -6.123225660247469e-17,
      "m11": 0,
      "m12": -0.668217658996582,
      "m13": 0.00009687588317319751,
      "m14": -0.0001682401925791055,
      "m15": 1
    },
    {
      "__type__": "cc.Mat4",
      "m00": 0.9100040793418884,
      "m01": 0.0957999899983406,
      "m02": 0.4033796489238739,
      "m03": 0,
      "m04": -0.10031984001398087,
      "m05": 0.9949053525924683,
      "m06": -0.009966972284018993,
      "m07": 0,
      "m08": -0.40227946639060974,
      "m09": -0.03139699622988701,
      "m10": 0.9149783253669739,
      "m11": 0,
      "m12": -0.01372155174612999,
      "m13": -0.02352936565876007,
      "m14": -0.7591099143028259,
      "m15": 1
    },
    {
      "__type__": "cc.Mat4",
      "m00": 0.9100040793418884,
      "m01": -0.40330326557159424,
      "m02": 0.0961211547255516,
      "m03": 0,
      "m04": -0.10031984001398087,
      "m05": 0.010759186930954456,
      "m06": 0.9948970675468445,
      "m07": 0,
      "m08": -0.40227946639060974,
      "m09": -0.9150030612945557,
      "m10": -0.030668413266539574,
      "m11": 0,
      "m12": -0.13723914325237274,
      "m13": 0.7590909600257874,
      "m14": -0.024133818224072456,
      "m15": 1
    },
    {
      "__type__": "cc.Mat4",
      "m00": -0.9100037813186646,
      "m01": -0.09580270200967789,
      "m02": 0.4033796191215515,
      "m03": 0,
      "m04": -0.10032232105731964,
      "m05": 0.9949050545692444,
      "m06": 0.009968073107302189,
      "m07": 0,
      "m08": -0.40227943658828735,
      "m09": -0.03139699622988701,
      "m10": -0.9149783253669739,
      "m11": 0,
      "m12": -0.013415327295660973,
      "m13": -0.023497123271226883,
      "m14": 0.7589741349220276,
      "m15": 1
    },
    {
      "__type__": "cc.Mat4",
      "m00": -0.9100037813186646,
      "m01": 0.40330320596694946,
      "m02": 0.09612387418746948,
      "m03": 0,
      "m04": -0.10032232105731964,
      "m05": 0.010760286822915077,
      "m06": -0.9948967695236206,
      "m07": 0,
      "m08": -0.40227943658828735,
      "m09": -0.9150030612945557,
      "m10": 0.030668411403894424,
      "m11": 0,
      "m12": -0.13693295419216156,
      "m13": 0.7589552402496338,
      "m14": 0.024101469665765762,
      "m15": 1
    },
    {
      "__type__": "cc.Mat4",
      "m00": 0.2798590660095215,
      "m01": -0.002500225557014346,
      "m02": -0.960037887096405,
      "m03": 0,
      "m04": -0.008459949865937233,
      "m05": -0.9999642372131348,
      "m06": 0.00013805931666865945,
      "m07": 0,
      "m08": -0.9600038528442383,
      "m09": 0.00808323547244072,
      "m10": -0.2798702120780945,
      "m11": 0,
      "m12": 0.36821484565734863,
      "m13": -0.0030774541664868593,
      "m14": 0.2718595862388611,
      "m15": 1
    },
    {
      "__type__": "cc.Mat4",
      "m00": 1,
      "m01": -0.000001370906943520822,
      "m02": 4.371133144331907e-8,
      "m03": 0,
      "m04": 0.000001370906943520822,
      "m05": 1,
      "m06": 6.350475700855895e-14,
      "m07": 0,
      "m08": -4.371133144331907e-8,
      "m09": -3.580592074193482e-15,
      "m10": 1,
      "m11": 0,
      "m12": -0.12518857419490814,
      "m13": -8.963650088844588e-8,
      "m14": -0.7466355562210083,
      "m15": 1
    },
    {
      "__type__": "cc.Mat4",
      "m00": 0.9108970165252686,
      "m01": -0.08689954876899719,
      "m02": 0.4033796191215515,
      "m03": 0,
      "m04": 0.09933710843324661,
      "m05": 0.995003879070282,
      "m06": -0.009966973215341568,
      "m07": 0,
      "m08": -0.4004982113838196,
      "m09": 0.04914944991469383,
      "m10": 0.9149783849716187,
      "m11": 0,
      "m12": 0.12750846147537231,
      "m13": -0.020334288477897644,
      "m14": -0.7591099143028259,
      "m15": 1
    },
    {
      "__type__": "cc.Mat4",
      "m00": 6.123233601181349e-17,
      "m01": -0.0000014026924191057333,
      "m02": 1,
      "m03": 0,
      "m04": 6.123233601181349e-17,
      "m05": -1,
      "m06": -0.0000014026924191057333,
      "m07": 0,
      "m08": 1,
      "m09": 6.12324286560421e-17,
      "m10": -6.123225660247469e-17,
      "m11": 0,
      "m12": -0.7899094820022583,
      "m13": 0.00003522844417602755,
      "m14": -0.00016824036720208824,
      "m15": 1
    },
    {
      "__type__": "cc.Mat4",
      "m00": -0.27985918521881104,