{
  "__type__": "cc.Skeleton",
  "_name": "Skin-2",
  "_objFlags": 0,
  "__editorExtras__": {},
  "_native": "",
  "_joints": [
    "Bip001/Bip001 Pelvis/Bip001 Spine/Bip001 Spine1/Bip001 Neck/Bip001 Head"
  ],
  "_bindposes": [
    {
      "__type__": "cc.Mat4",
      "m00": 6.123234262925839e-17,
      "m01": -0.000001402693328600435,
      "m02": 1,
      "m03": 0,
      "m04": 6.123234262925839e-17,
      "m05": -1,
      "m06": -0.000001402693328600435,
      "m07": 0,
      "m08": 1,
      "m09": 6.12324286560421e-17,
      "m10": -6.123225660247469e-17,
      "m11": 0,
      "m12": -0.8341881632804871,
      "m13": -3.145254012792975e-8,
      "m14": -0.0001682412694208324,
      "m15": 1
    }
  ],
  "_hash": 2593707569
}